Image_id,RGB_Image,Variety,FreshWeightShoot_g,DryWeightShoot_g,Height_cm,Diameter_cm,LeafArea_cm2
1,RGB_1.png,Satine,2.6,0.14,8.2,12.0,80.6
2,RGB_2.png,Satine,2.1,0.1,8.5,8.2,67.4
3,RGB_3.png,Satine,2.0,0.09,7.5,9.5,65.0
4,RGB_4.png,Satine,2.7,0.13,6.0,10.6,78.7
5,RGB_5.png,Lugano,2.3,0.11,8.3,9.8,73.9
6,RGB_6.png,Lugano,3.3,0.14,8.4,13.4,107.8
7,RGB_7.png,Lugano,3.3,0.15,7.1,13.0,96.5
8,RGB_8.png,Lugano,2.5,0.1,8.3,12.2,79.8
9,RGB_9.png,Lugano,2.5,0.1,4.3,9.8,72.2
10,RGB_10.png,Salanova,1.4,0.09,5.1,13.0,57.6
11,RGB_11.png,Salanova,2.0,0.11,5.6,16.5,74.8
12,RGB_12.png,Salanova,2.2,0.15,7.1,12.6,81.1
13,RGB_13.png,Salanova,2.2,0.13,10.1,13.6,82.1
14,RGB_14.png,Salanova,2.4,0.14,5.6,13.1,87.5
15,RGB_15.png,Aphylion,3.2,0.16,5.1,16.1,87.6
16,RGB_16.png,Aphylion,3.8,0.16,9.6,18.2,102.4
17,RGB_17.png,Aphylion,2.8,0.12,5.0,14.5,67.2
18,RGB_18.png,Aphylion,3.1,0.14,6.2,17.6,84.5
19,RGB_19.png,Aphylion,3.0,0.13,5.4,15.5,82.7
20,RGB_20.png,Lugano,4.5,0.4,8.5,13.0,127.4
21,RGB_21.png,Lugano,7.8,0.7,7.9,13.0,178.0
22,RGB_22.png,Lugano,4.7,0.41,5.4,13.3,121.0
23,RGB_23.png,Lugano,6.0,0.53,8.5,15.5,154.2
24,RGB_24.png,Lugano,6.1,0.57,7.8,17.1,166.2
25,RGB_25.png,Lugano,6.1,0.55,6.5,15.8,164.8
26,RGB_26.png,Lugano,4.7,0.43,5.5,13.5,131.0
27,RGB_27.png,Lugano,5.5,0.42,9.0,11.0,153.9
28,RGB_28.png,Lugano,8.3,0.63,8.0,13.0,202.4
29,RGB_29.png,Lugano,7.4,0.63,6.0,14.0,177.6
30,RGB_30.png,Lugano,9.8,0.75,6.5,16.3,214.5
31,RGB_31.png,Lugano,6.6,0.58,7.5,14.6,159.3
32,RGB_32.png,Salanova,7.3,0.88,7.7,20.0,260.2
33,RGB_33.png,Salanova,3.8,0.45,5.5,16.8,139.5
34,RGB_34.png,Salanova,4.5,0.6,6.5,18.6,161.8
35,RGB_35.png,Salanova,5.5,0.65,7.0,19.5,188.8
36,RGB_36.png,Salanova,3.5,0.35,7.3,16.0,137.4
37,RGB_37.png,Salanova,4.8,0.59,6.3,18.0,175.2
38,RGB_38.png,Salanova,4.7,0.49,7.2,16.0,156.7
39,RGB_39.png,Salanova,7.4,0.64,7.5,19.4,242.7
40,RGB_40.png,Salanova,4.2,0.43,7.0,17.5,149.6
41,RGB_41.png,Salanova,4.6,0.54,9.0,16.8,174.9
42,RGB_42.png,Salanova,5.2,0.58,9.8,17.2,202.7
43,RGB_43.png,Salanova,3.9,0.46,8.6,17.2,140.8
44,RGB_44.png,Aphylion,6.5,0.74,5.3,19.5,144.3
45,RGB_45.png,Aphylion,8.4,0.83,6.0,17.5,191.4
46,RGB_46.png,Aphylion,5.5,0.56,6.5,20.8,133.3
47,RGB_47.png,Aphylion,4.5,0.45,6.3,11.0,105.0
48,RGB_48.png,Aphylion,4.2,0.37,6.5,15.7,105.7
49,RGB_49.png,Aphylion,7.1,0.63,7.5,13.4,140.8
50,RGB_50.png,Aphylion,6.7,0.53,7.0,16.0,162.5
51,RGB_51.png,Aphylion,8.3,0.65,8.0,15.0,201.3
52,RGB_52.png,Aphylion,6.8,0.5,7.8,14.6,158.9
53,RGB_53.png,Aphylion,8.6,0.86,5.8,19.6,196.5
54,RGB_54.png,Aphylion,9.1,0.77,7.5,18.3,210.9
55,RGB_55.png,Aphylion,10.4,0.88,7.2,16.5,234.2
56,RGB_56.png,Satine,5.0,0.48,6.5,14.4,135.7
57,RGB_57.png,Satine,7.3,0.5,8.8,10.3,191.2
58,RGB_58.png,Satine,4.0,0.32,6.2,13.5,129.8
59,RGB_59.png,Satine,6.2,0.45,7.0,13.5,161.0
60,RGB_60.png,Satine,3.9,0.28,7.2,13.1,119.5
61,RGB_61.png,Satine,3.3,0.24,5.2,13.0,89.0
62,RGB_62.png,Satine,6.0,0.43,6.0,13.9,175.5
63,RGB_63.png,Satine,6.0,0.45,5.5,19.2,159.8
64,RGB_64.png,Satine,6.0,0.43,6.0,12.0,161.6
65,RGB_65.png,Satine,5.3,0.41,5.7,13.5,157.6
66,RGB_66.png,Satine,4.6,0.37,7.0,10.6,138.1
67,RGB_67.png,Satine,4.8,0.33,5.3,13.0,145.0
68,RGB_68.png,Lugano,23.2,1.75,6.1,17.8,472.1
69,RGB_69.png,Lugano,30.4,1.83,6.3,16.0,628.8
70,RGB_70.png,Lugano,26.5,1.82,7.3,19.5,536.2
71,RGB_71.png,Lugano,22.8,1.54,6.2,16.5,469.6
72,RGB_72.png,Lugano,29.5,2.04,6.5,16.2,596.8
73,RGB_73.png,Lugano,36.0,2.33,6.8,15.8,703.3
74,RGB_74.png,Lugano,30.6,2.36,7.4,21.0,599.6
75,RGB_75.png,Lugano,28.8,1.83,7.0,20.0,581.9
76,RGB_76.png,Lugano,31.0,1.68,9.3,18.0,638.0
77,RGB_77.png,Lugano,29.9,2.24,7.0,17.0,583.2
78,RGB_78.png,Lugano,33.1,1.97,9.0,18.5,657.4
79,RGB_79.png,Lugano,30.3,1.92,8.8,20.2,582.3
80,RGB_80.png,Lugano,17.9,1.46,6.1,17.0,346.3
81,RGB_81.png,Lugano,23.2,1.6,8.1,17.1,492.9
82,RGB_82.png,Lugano,34.6,2.13,8.2,18.0,642.5
83,RGB_83.png,Lugano,17.9,1.1,7.8,17.1,388.7
84,RGB_84.png,Salanova,16.4,1.22,6.8,18.5,520.1
85,RGB_85.png,Salanova,17.9,1.47,6.1,16.5,465.3
86,RGB_86.png,Salanova,12.5,1.01,5.4,17.4,412.3
87,RGB_87.png,Salanova,18.8,1.31,7.3,22.1,578.5
88,RGB_88.png,Salanova,21.1,1.76,5.7,21.5,620.8
89,RGB_89.png,Salanova,22.6,1.6,8.7,23.4,696.1
90,RGB_90.png,Salanova,28.9,1.94,7.0,22.0,902.4
91,RGB_91.png,Salanova,16.2,1.14,8.0,18.8,524.2
92,RGB_92.png,Salanova,19.4,1.53,9.0,20.3,654.3
93,RGB_93.png,Salanova,17.0,1.24,8.9,21.0,562.2
94,RGB_94.png,Salanova,14.5,1.01,8.5,21.2,427.9
95,RGB_95.png,Salanova,19.1,1.28,7.4,22.3,569.3
96,RGB_96.png,Salanova,16.0,1.56,6.6,18.6,470.8
97,RGB_97.png,Salanova,18.6,1.62,5.7,19.5,578.2
98,RGB_98.png,Salanova,10.3,0.93,7.8,17.0,330.6
99,RGB_99.png,Salanova,27.3,1.91,6.5,24.5,773.2
100,RGB_100.png,Aphylion,23.2,1.23,7.1,20.0,475.0
101,RGB_101.png,Aphylion,24.9,1.79,6.5,16.0,486.3
102,RGB_102.png,Aphylion,26.3,1.99,7.0,18.0,509.9
103,RGB_103.png,Aphylion,28.3,1.89,6.5,21.6,554.1
104,RGB_104.png,Aphylion,27.9,1.76,6.6,19.5,520.0
105,RGB_105.png,Aphylion,34.0,2.1,8.7,19.3,480.4
106,RGB_106.png,Aphylion,37.0,1.98,8.6,20.1,675.5
107,RGB_107.png,Aphylion,20.8,1.15,7.3,15.0,436.8
108,RGB_108.png,Aphylion,24.5,1.7,8.1,16.3,543.5
109,RGB_109.png,Aphylion,27.8,1.84,8.2,20.6,637.7
110,RGB_110.png,Aphylion,22.9,1.42,7.8,16.8,513.1
111,RGB_111.png,Aphylion,38.2,2.25,10.3,20.6,831.8
112,RGB_112.png,Aphylion,31.3,2.11,8.4,17.8,670.9
113,RGB_113.png,Aphylion,24.9,2.09,7.5,18.6,518.4
114,RGB_114.png,Aphylion,26.7,2.24,7.0,20.1,561.3
115,RGB_115.png,Aphylion,32.3,2.05,9.2,21.5,679.4
116,RGB_116.png,Satine,20.4,1.28,6.0,17.0,445.9
117,RGB_117.png,Satine,20.4,1.15,6.8,17.5,428.9
118,RGB_118.png,Satine,23.0,1.28,7.0,16.0,598.7
119,RGB_119.png,Satine,27.5,1.51,7.5,18.4,561.1
120,RGB_120.png,Satine,17.1,1.08,7.1,17.0,407.2
121,RGB_121.png,Satine,21.1,1.4,6.2,17.1,428.0
122,RGB_122.png,Satine,23.2,1.36,7.5,18.1,452.3
123,RGB_123.png,Satine,18.9,1.12,7.9,18.5,437.6
124,RGB_124.png,Satine,23.0,1.36,8.0,19.6,526.1
125,RGB_125.png,Satine,22.3,1.36,8.4,17.0,538.2
126,RGB_126.png,Satine,26.4,1.48,8.8,19.1,606.7
127,RGB_127.png,Satine,25.0,1.39,7.0,19.1,599.7
128,RGB_128.png,Satine,35.5,2.12,7.8,18.3,735.8
129,RGB_129.png,Satine,22.3,1.29,8.5,18.1,492.4
130,RGB_130.png,Satine,30.6,1.68,8.4,18.0,689.2
131,RGB_131.png,Satine,31.2,1.76,8.7,20.1,714.4
132,RGB_132.png,Lugano,45.6,2.37,11.6,18.5,1721.5
133,RGB_133.png,Lugano,85.1,3.62,10.8,20.6,1777.8
134,RGB_134.png,Lugano,75.9,4.17,9.3,23.2,1228.3
135,RGB_135.png,Lugano,66.9,3.25,10.6,19.4,1062.9
136,RGB_136.png,Lugano,25.8,1.61,9.8,15.2,502.0
137,RGB_137.png,Lugano,72.2,3.12,12.9,22.1,1209.4
138,RGB_138.png,Lugano,35.0,1.99,10.1,16.5,685.5
139,RGB_139.png,Lugano,32.1,1.95,8.9,16.5,553.8
140,RGB_140.png,Lugano,60.9,2.83,11.6,19.0,960.6
141,RGB_141.png,Lugano,78.3,3.25,12.0,21.6,1189.5
142,RGB_142.png,Lugano,60.9,2.67,11.2,21.0,1003.6
143,RGB_143.png,Lugano,87.4,4.24,10.6,20.3,1243.7
144,RGB_144.png,Lugano,73.2,3.74,11.5,19.5,1143.7
145,RGB_145.png,Lugano,86.2,3.54,13.3,22.3,1399.8
146,RGB_146.png,Lugano,85.5,4.3,10.4,21.3,1217.1
147,RGB_147.png,Lugano,85.6,3.46,13.7,22.1,1548.0
148,RGB_148.png,Salanova,63.2,3.75,11.3,24.2,1721.5
149,RGB_149.png,Salanova,33.5,2.11,11.0,23.1,928.8
150,RGB_150.png,Salanova,55.2,3.09,11.3,27.2,1466.6
151,RGB_151.png,Salanova,69.8,4.16,9.0,25.1,1694.3
152,RGB_152.png,Salanova,73.5,3.86,11.3,28.5,1866.7
153,RGB_153.png,Salanova,56.0,2.96,12.5,24.5,1554.8
154,RGB_154.png,Salanova,60.3,3.38,12.1,24.6,1674.7
155,RGB_155.png,Salanova,39.8,2.23,11.3,24.9,1082.6
156,RGB_156.png,Salanova,47.2,2.41,13.1,25.0,1115.5
157,RGB_157.png,Salanova,47.1,2.59,12.8,26.2,1321.3
158,RGB_158.png,Salanova,62.3,3.64,11.0,23.7,1600.9
159,RGB_159.png,Salanova,55.0,3.07,13.2,26.6,1466.2
160,RGB_160.png,Salanova,47.8,2.52,12.2,23.4,1255.1
161,RGB_161.png,Salanova,50.4,2.81,10.3,24.3,1214.1
162,RGB_162.png,Salanova,60.4,3.71,12.5,27.1,1769.8
163,RGB_163.png,Salanova,57.6,0.36,9.8,25.3,1451.8
164,RGB_164.png,Aphylion,94.0,4.48,13.4,21.9,1670.0
165,RGB_165.png,Aphylion,62.7,2.85,13.5,20.1,1106.1
166,RGB_166.png,Aphylion,99.7,4.59,13.9,22.0,1678.9
167,RGB_167.png,Aphylion,72.8,3.99,11.3,19.4,1221.1
168,RGB_168.png,Aphylion,74.3,3.46,13.1,19.5,1318.9
169,RGB_169.png,Aphylion,54.6,2.77,13.5,16.1,1037.0
170,RGB_170.png,Aphylion,60.1,4.02,11.0,20.3,1073.6
171,RGB_171.png,Aphylion,53.9,2.89,12.4,17.0,1133.6
172,RGB_172.png,Aphylion,28.6,2.35,9.5,17.2,573.8
173,RGB_173.png,Aphylion,44.9,2.02,12.4,16.9,915.1
174,RGB_174.png,Aphylion,83.5,4.34,12.0,19.5,1469.7
175,RGB_175.png,Aphylion,70.1,3.36,14.5,22.2,1301.1
176,RGB_176.png,Aphylion,78.1,4.1,12.3,17.4,1263.5
177,RGB_177.png,Aphylion,79.8,3.81,12.1,22.1,1460.4
178,RGB_178.png,Aphylion,82.9,3.82,15.0,20.5,1529.5
179,RGB_179.png,Aphylion,88.1,4.68,11.2,19.5,1646.4
180,RGB_180.png,Satine,70.0,3.28,12.0,21.6,1225.0
181,RGB_181.png,Satine,31.9,1.66,11.3,19.0,725.3
182,RGB_182.png,Satine,39.1,2.13,9.2,18.0,695.6
183,RGB_183.png,Satine,63.0,2.8,11.8,21.3,1076.2
184,RGB_184.png,Satine,34.0,1.69,10.6,19.0,770.0
185,RGB_185.png,Satine,40.1,2.11,10.0,19.0,772.4
186,RGB_186.png,Satine,49.6,2.78,10.3,18.4,952.2
187,RGB_187.png,Satine,48.0,2.24,9.8,20.6,876.8
188,RGB_188.png,Satine,61.6,2.8,11.9,20.4,1061.8
189,RGB_189.png,Satine,56.5,2.63,12.1,19.2,1001.3
190,RGB_190.png,Satine,68.5,2.95,10.8,21.4,1103.5
191,RGB_191.png,Satine,56.0,2.49,9.5,21.7,986.2
192,RGB_192.png,Satine,37.5,1.95,11.3,21.3,740.5
193,RGB_193.png,Satine,74.0,3.63,9.0,24.2,1153.4
194,RGB_194.png,Satine,48.8,2.21,9.4,21.2,999.2
195,RGB_195.png,Lugano,113.0,5.37,12.0,20.0,1512.2
196,RGB_196.png,Lugano,78.0,3.85,11.0,19.0,1115.6
197,RGB_197.png,Lugano,127.0,6.3,12.0,21.0,2110.5
198,RGB_198.png,Lugano,142.0,6.54,11.0,24.0,2056.9
199,RGB_199.png,Lugano,78.0,4.41,13.0,19.5,1311.9
200,RGB_200.png,Lugano,101.0,5.03,12.0,22.0,1838.7
201,RGB_201.png,Lugano,117.0,5.07,13.0,21.0,1889.2
202,RGB_202.png,Lugano,88.0,4.42,14.0,18.0,1988.0
203,RGB_203.png,Lugano,112.0,5.76,11.0,22.0,1614.9
204,RGB_204.png,Lugano,135.0,6.33,12.0,24.0,2253.3
205,RGB_205.png,Lugano,161.0,6.4,13.0,24.0,2010.9
206,RGB_206.png,Lugano,141.0,6.42,13.0,22.0,2063.3
207,RGB_207.png,Salanova,55.0,3.88,10.0,23.0,1445.9
208,RGB_208.png,Salanova,101.0,5.13,9.0,25.0,2139.4
209,RGB_209.png,Salanova,85.0,5.02,8.0,25.0,2008.8
210,RGB_210.png,Salanova,64.0,4.04,12.0,25.0,1568.2
211,RGB_211.png,Salanova,110.0,6.04,12.0,28.0,2414.7
212,RGB_212.png,Salanova,60.0,3.79,8.0,23.0,1822.1
213,RGB_213.png,Salanova,118.0,6.1,14.0,33.0,2945.7
214,RGB_214.png,Salanova,57.0,3.7,9.0,21.0,1703.9
215,RGB_215.png,Salanova,90.0,4.94,10.5,27.0,2804.1
216,RGB_216.png,Salanova,74.0,4.41,10.0,24.0,1928.0
217,RGB_217.png,Salanova,67.0,4.49,11.0,26.0,1626.2
218,RGB_218.png,Salanova,96.0,4.81,11.0,27.0,2153.6
219,RGB_219.png,Aphylion,149.0,6.85,15.0,23.0,2255.6
220,RGB_220.png,Aphylion,107.0,5.34,14.0,22.0,1600.6
221,RGB_221.png,Aphylion,178.0,7.35,17.0,27.0,2716.4
222,RGB_222.png,Aphylion,114.0,5.51,16.0,24.0,1878.4
223,RGB_223.png,Aphylion,163.0,6.82,15.0,26.0,2453.6
224,RGB_224.png,Aphylion,97.0,4.84,12.0,25.0,2224.8
225,RGB_225.png,Aphylion,157.0,7.16,14.0,22.0,2502.9
226,RGB_226.png,Aphylion,106.0,4.99,16.0,24.0,3350.6
227,RGB_227.png,Aphylion,129.0,6.16,16.5,20.0,1979.5
228,RGB_228.png,Aphylion,125.0,6.68,16.0,24.0,1856.6
229,RGB_229.png,Satine,71.0,3.69,11.0,21.0,1090.2
230,RGB_230.png,Satine,82.0,3.7,11.0,21.0,1212.5
231,RGB_231.png,Satine,64.0,3.53,10.0,20.0,1066.1
232,RGB_232.png,Satine,95.0,4.31,11.0,21.0,1500.6
233,RGB_233.png,Satine,93.0,4.56,11.0,21.0,1568.5
234,RGB_234.png,Satine,104.0,4.75,11.0,24.0,2059.2
235,RGB_235.png,Satine,91.0,4.15,11.0,23.0,1329.4
236,RGB_236.png,Satine,70.0,3.51,11.0,22.0,1237.5
237,RGB_237.png,Satine,102.0,5.21,10.0,25.0,1648.3
238,RGB_238.png,Satine,93.0,4.59,13.0,19.5,1640.7
239,RGB_239.png,Satine,84.0,4.35,13.0,20.0,1287.8
240,RGB_240.png,Satine,66.0,3.91,11.0,21.0,1251.4
241,RGB_241.png,Lugano,240.0,9.48,16.0,25.0,2705.0
242,RGB_242.png,Lugano,242.1,10.17,17.5,23.9,3501.7
243,RGB_243.png,Lugano,152.4,7.84,13.0,21.8,3768.0
244,RGB_244.png,Lugano,193.1,9.31,16.4,24.0,2715.4
245,RGB_245.png,Lugano,179.9,6.6,17.0,20.0,2612.8
246,RGB_246.png,Lugano,224.1,8.61,15.0,24.5,3777.1
247,RGB_247.png,Lugano,125.8,7.17,13.5,20.0,1957.0
248,RGB_248.png,Lugano,175.0,8.23,15.0,23.5,2295.7
249,RGB_249.png,Lugano,173.6,7.54,14.8,23.1,3278.3
250,RGB_250.png,Salanova,164.3,8.58,15.5,36.3,3855.3
251,RGB_251.png,Salanova,116.5,7.04,13.5,29.0,2893.2
252,RGB_252.png,Salanova,128.7,7.18,12.9,28.4,2593.7
253,RGB_253.png,Salanova,186.0,9.4,11.1,28.1,3979.1
254,RGB_254.png,Salanova,155.5,8.03,14.0,25.3,3402.4
255,RGB_255.png,Salanova,133.2,6.84,15.8,32.0,3089.2
256,RGB_256.png,Salanova,207.5,10.38,16.5,33.3,5001.9
257,RGB_257.png,Salanova,159.3,8.27,12.1,29.3,3828.6
258,RGB_258.png,Salanova,145.4,7.63,15.5,36.0,3005.8
259,RGB_259.png,Salanova,182.9,9.84,13.5,27.0,4013.5
260,RGB_260.png,Salanova,128.3,8.47,15.0,33.1,4006.5
261,RGB_261.png,Aphylion,121.0,6.12,22.0,27.5,1994.0
262,RGB_262.png,Aphylion,164.8,9.24,17.5,30.6,2525.2
263,RGB_263.png,Aphylion,261.9,12.31,20.5,25.0,3734.2
264,RGB_264.png,Aphylion,162.9,8.15,20.1,25.3,2979.7
265,RGB_265.png,Aphylion,223.2,10.32,20.5,30.2,3261.9
266,RGB_266.png,Aphylion,245.6,9.59,22.0,34.0,3698.7
267,RGB_267.png,Aphylion,156.0,6.47,20.0,29.3,2395.0
268,RGB_268.png,Aphylion,196.3,9.19,23.0,35.0,3774.7
269,RGB_269.png,Aphylion,208.8,9.98,20.1,29.8,3805.5
270,RGB_270.png,Aphylion,229.8,9.75,22.5,27.5,3537.2
271,RGB_271.png,Aphylion,303.1,12.62,21.5,30.0,4073.6
272,RGB_272.png,Aphylion,263.2,12.17,23.1,27.2,4606.6
273,RGB_273.png,Satine,143.0,6.44,16.5,25.0,1997.9
274,RGB_274.png,Satine,87.0,4.86,14.0,22.5,1447.3
275,RGB_275.png,Satine,118.3,6.0,14.0,22.0,1508.7
276,RGB_276.png,Satine,119.9,5.41,16.0,24.0,1707.4
278,RGB_278.png,Satine,137.2,6.71,18.3,27.0,1881.5
279,RGB_279.png,Satine,134.4,6.16,16.5,22.2,1822.9
280,RGB_280.png,Satine,182.1,6.8,16.0,26.3,1748.4
281,RGB_281.png,Satine,130.9,6.64,15.2,21.3,2258.5
282,RGB_282.png,Satine,125.1,6.0,15.0,24.0,1977.0
283,RGB_283.png,Satine,147.4,7.04,14.5,21.0,1743.5
284,RGB_284.png,Satine,117.4,6.09,14.5,23.0,1982.8
285,RGB_285.png,Lugano,318.4,12.65,17.0,24.0,3319.3
286,RGB_286.png,Lugano,320.1,11.84,18.0,27.5,3143.7
287,RGB_287.png,Lugano,318.4,12.66,17.0,26.0,3065.1
288,RGB_288.png,Lugano,337.1,12.81,15.0,25.5,3039.8
289,RGB_289.png,Lugano,285.8,10.43,17.0,26.5,3106.8
290,RGB_290.png,Lugano,282.8,10.67,16.0,27.0,2741.1
291,RGB_291.png,Lugano,180.9,9.35,13.0,21.0,2056.1
292,RGB_292.png,Lugano,372.6,14.17,17.0,32.0,3839.6
293,RGB_293.png,Lugano,221.5,8.29,17.0,26.0,2476.6
294,RGB_294.png,Lugano,274.1,8.29,16.0,25.0,2628.9
295,RGB_295.png,Lugano,193.4,9.99,17.0,23.5,2067.2
296,RGB_296.png,Lugano,220.0,9.71,20.0,26.0,2494.8
297,RGB_297.png,Lugano,227.8,10.07,17.0,29.0,2648.4
298,RGB_298.png,Lugano,315.8,12.95,15.0,30.0,5069.1
299,RGB_299.png,Lugano,300.0,11.24,15.0,29.0,3646.3
300,RGB_300.png,Lugano,284.4,9.44,16.5,29.0,3095.6
301,RGB_301.png,Lugano,325.1,11.26,16.5,26.5,4068.8
302,RGB_302.png,Lugano,392.0,12.68,16.5,29.0,4062.0
303,RGB_303.png,Lugano,218.5,9.53,18.0,25.0,2803.8
304,RGB_304.png,Lugano,206.8,7.99,18.0,24.5,2604.8
305,RGB_305.png,Lugano,335.8,9.93,17.0,26.0,3077.6
306,RGB_306.png,Lugano,395.9,15.96,18.0,31.0,3896.4
307,RGB_307.png,Lugano,278.2,10.51,20.0,27.0,2605.4
308,RGB_308.png,Lugano,198.5,9.33,14.2,20.2,2922.8
310,RGB_310.png,Lugano,311.0,10.89,18.0,27.0,3208.4
311,RGB_311.png,Lugano,355.4,12.36,17.0,26.0,3571.3
312,RGB_312.png,Salanova,286.4,14.14,18.5,34.5,5463.7
313,RGB_313.png,Salanova,197.7,10.95,15.5,30.5,3694.1
314,RGB_314.png,Salanova,167.7,7.8,15.0,28.0,2918.4
315,RGB_315.png,Salanova,207.7,11.0,15.0,30.5,3928.0
316,RGB_316.png,Salanova,220.9,12.13,15.0,29.0,3986.3
317,RGB_317.png,Salanova,187.4,8.76,14.5,29.0,3369.7
318,RGB_318.png,Salanova,180.4,10.69,14.0,33.0,3714.5
319,RGB_319.png,Salanova,254.6,13.03,17.0,31.3,4964.8
320,RGB_320.png,Salanova,172.0,8.53,12.2,34.2,3059.6
321,RGB_321.png,Salanova,216.6,11.55,16.0,34.0,4143.9
323,RGB_323.png,Salanova,173.4,7.36,14.3,27.5,3163.1
324,RGB_324.png,Salanova,179.9,10.56,12.0,37.0,3626.7
325,RGB_325.png,Salanova,259.4,12.56,17.1,34.0,5194.0
326,RGB_326.png,Salanova,165.6,9.41,15.0,27.5,3218.9
327,RGB_327.png,Salanova,158.3,7.88,15.0,33.0,3358.8
328,RGB_328.png,Salanova,235.6,11.04,17.0,33.5,5348.1
329,RGB_329.png,Salanova,324.1,13.9,16.5,32.0,6365.0
330,RGB_330.png,Salanova,240.1,8.94,17.0,29.0,4112.6
331,RGB_331.png,Salanova,226.4,11.13,13.0,34.0,4457.2
332,RGB_332.png,Salanova,232.5,10.49,15.0,29.0,4153.3
333,RGB_333.png,Salanova,95.8,6.96,9.0,12.3,1976.0
334,RGB_334.png,Salanova,229.2,11.69,15.4,39.2,4279.3
335,RGB_335.png,Salanova,268.4,12.11,17.0,33.0,5088.8
336,RGB_336.png,Salanova,213.8,11.07,13.5,31.3,4332.9
337,RGB_337.png,Salanova,279.4,12.87,16.0,30.1,4226.5
338,RGB_338.png,Salanova,184.2,10.42,13.6,22.5,3987.9
339,RGB_339.png,Salanova,273.4,13.23,16.0,34.0,4905.0
340,RGB_340.png,Salanova,241.9,8.98,13.0,29.5,4365.1
341,RGB_341.png,Salanova,219.1,11.51,18.0,35.2,4557.3
342,RGB_342.png,Salanova,272.6,13.48,15.0,32.3,4255.6
343,RGB_343.png,Aphylion,406.0,15.97,25.0,30.0,5379.9
344,RGB_344.png,Aphylion,347.6,16.46,22.0,29.0,4117.0
345,RGB_345.png,Aphylion,459.7,16.64,25.0,32.0,5316.5
346,RGB_346.png,Aphylion,364.8,14.69,24.5,33.0,4516.2
347,RGB_347.png,Aphylion,444.7,17.24,24.0,34.5,4995.6
348,RGB_348.png,Aphylion,425.6,16.47,20.5,34.0,5179.7
349,RGB_349.png,Aphylion,436.8,20.1,23.5,29.5,5163.4
350,RGB_350.png,Aphylion,414.2,18.21,22.0,40.0,4891.7
351,RGB_351.png,Aphylion,224.0,11.56,20.0,21.0,4185.4
352,RGB_352.png,Aphylion,268.9,11.77,22.0,33.2,5218.3
353,RGB_353.png,Aphylion,313.1,14.15,21.0,34.5,6875.4
354,RGB_354.png,Aphylion,392.7,18.06,22.0,34.0,4694.0
355,RGB_355.png,Aphylion,276.3,14.48,21.3,31.5,3440.3
356,RGB_356.png,Aphylion,247.1,13.42,21.0,30.0,3398.0
357,RGB_357.png,Aphylion,314.0,15.84,18.0,32.5,4260.7
358,RGB_358.png,Aphylion,309.1,13.61,19.5,34.0,5136.8
359,RGB_359.png,Aphylion,371.0,15.41,20.5,37.0,5868.0
360,RGB_360.png,Aphylion,352.5,14.99,23.0,42.0,4960.8
361,RGB_361.png,Aphylion,292.4,14.07,22.0,32.0,4991.0
362,RGB_362.png,Aphylion,336.0,13.53,24.0,39.0,4429.8
363,RGB_363.png,Aphylion,405.7,16.71,23.0,40.0,5116.4
364,RGB_364.png,Satine,228.4,11.11,17.5,25.0,2468.0
365,RGB_365.png,Satine,165.5,7.22,19.0,24.0,2064.9
366,RGB_366.png,Satine,279.4,10.93,19.0,27.0,3177.1
367,RGB_367.png,Satine,253.9,10.39,21.5,30.0,3154.7
368,RGB_368.png,Satine,172.7,7.9,18.0,26.5,2091.8
369,RGB_369.png,Satine,130.4,6.6,14.0,25.0,1899.6
370,RGB_370.png,Satine,308.3,12.81,16.0,26.5,3346.6
371,RGB_371.png,Satine,229.6,10.11,16.0,25.0,2620.8
372,RGB_372.png,Satine,150.7,7.12,19.0,26.0,2758.6
373,RGB_373.png,Satine,161.3,6.78,18.0,20.0,2027.4
374,RGB_374.png,Satine,257.6,11.98,20.5,26.0,2894.0
375,RGB_375.png,Satine,251.9,10.97,16.0,26.0,2820.6
376,RGB_376.png,Satine,139.0,6.98,18.0,25.0,2559.6
377,RGB_377.png,Satine,134.7,6.28,18.0,19.0,1817.7
378,RGB_378.png,Satine,175.4,8.41,19.5,28.5,2685.1
379,RGB_379.png,Satine,145.3,7.08,17.0,23.0,2083.8
380,RGB_380.png,Satine,186.2,8.34,17.5,27.5,2499.0
381,RGB_381.png,Satine,184.7,7.39,18.5,28.0,2420.3
382,RGB_382.png,Satine,213.5,8.77,18.0,24.0,2961.9
383,RGB_383.png,Satine,206.0,8.41,18.0,22.0,2742.8
384,RGB_384.png,Satine,186.3,8.36,17.0,30.0,4076.6
385,RGB_385.png,Satine,167.1,8.33,17.3,26.0,2633.9
386,RGB_386.png,Satine,196.2,7.62,12.0,15.6,2321.7
387,RGB_387.png,Satine,163.2,9.17,16.0,26.0,1858.3
388,RGB_388.png,Satine,180.6,10.01,17.0,31.0,1805.6
389,RGB_389.png,Satine,209.3,8.19,15.0,25.6,2257.1
390,RGB_390.png,Satine,204.5,9.2,18.0,32.0,3179.4
391,RGB_391.png,Satine,216.6,8.74,17.1,25.1,3279.8
