id,filename,variety,split
1,RGB_1.png,Satine,train
2,RGB_2.png,Satine,train
3,RGB_3.png,Satine,train
4,RGB_4.png,Satine,test
5,RGB_5.png,Lugano,train
6,RGB_6.png,Lugano,train
7,RGB_7.png,Lugano,train
8,RGB_8.png,Lugano,train
9,RGB_9.png,Lugano,train
10,RGB_10.png,Salanova,valid
11,RGB_11.png,Salanova,train
12,RGB_12.png,Salanova,valid
13,RGB_13.png,Salanova,train
14,RGB_14.png,Salanova,train
15,RGB_15.png,Aphylion,train
16,RGB_16.png,Aphylion,train
17,RGB_17.png,Aphylion,train
18,RGB_18.png,Aphylion,train
19,RGB_19.png,Aphylion,train
20,RGB_20.png,Lugano,train
21,RGB_21.png,Lugano,valid
22,RGB_22.png,Lugano,train
23,RGB_23.png,Lugano,train
24,RGB_24.png,Lugano,train
25,RGB_25.png,Lugano,train
26,RGB_26.png,Lugano,valid
27,RGB_27.png,Lugano,train
28,RGB_28.png,Lugano,train
29,RGB_29.png,Lugano,valid
30,RGB_30.png,Lugano,train
31,RGB_31.png,Lugano,train
32,RGB_32.png,Salanova,train
33,RGB_33.png,Salanova,train
34,RGB_34.png,Salanova,valid
35,RGB_35.png,Salanova,valid
36,RGB_36.png,Salanova,valid
37,RGB_37.png,Salanova,train
38,RGB_38.png,Salanova,train
39,RGB_39.png,Salanova,train
40,RGB_40.png,Salanova,train
41,RGB_41.png,Salanova,train
42,RGB_42.png,Salanova,train
43,RGB_43.png,Salanova,train
44,RGB_44.png,Aphylion,train
45,RGB_45.png,Aphylion,valid
46,RGB_46.png,Aphylion,test
47,RGB_47.png,Aphylion,valid
48,RGB_48.png,Aphylion,train
49,RGB_49.png,Aphylion,valid
50,RGB_50.png,Aphylion,train
51,RGB_51.png,Aphylion,train
52,RGB_52.png,Aphylion,train
53,RGB_53.png,Aphylion,train
54,RGB_54.png,Aphylion,train
55,RGB_55.png,Aphylion,train
56,RGB_56.png,Satine,valid
57,RGB_57.png,Satine,train
58,RGB_58.png,Satine,train
59,RGB_59.png,Satine,train
60,RGB_60.png,Satine,train
61,RGB_61.png,Satine,train
62,RGB_62.png,Satine,train
63,RGB_63.png,Satine,test
64,RGB_64.png,Satine,train
65,RGB_65.png,Satine,test
66,RGB_66.png,Satine,test
67,RGB_67.png,Satine,train
68,RGB_68.png,Lugano,test
69,RGB_69.png,Lugano,test
70,RGB_70.png,Lugano,train
71,RGB_71.png,Lugano,train
72,RGB_72.png,Lugano,train
73,RGB_73.png,Lugano,train
74,RGB_74.png,Lugano,train
75,RGB_75.png,Lugano,train
76,RGB_76.png,Lugano,train
77,RGB_77.png,Lugano,train
78,RGB_78.png,Lugano,test
79,RGB_79.png,Lugano,valid
80,RGB_80.png,Lugano,train
81,RGB_81.png,Lugano,train
82,RGB_82.png,Lugano,test
83,RGB_83.png,Lugano,train
84,RGB_84.png,Salanova,train
85,RGB_85.png,Salanova,train
86,RGB_86.png,Salanova,train
87,RGB_87.png,Salanova,train
88,RGB_88.png,Salanova,train
89,RGB_89.png,Salanova,train
90,RGB_90.png,Salanova,train
91,RGB_91.png,Salanova,train
92,RGB_92.png,Salanova,test
93,RGB_93.png,Salanova,train
94,RGB_94.png,Salanova,test
95,RGB_95.png,Salanova,valid
96,RGB_96.png,Salanova,valid
97,RGB_97.png,Salanova,train
98,RGB_98.png,Salanova,valid
99,RGB_99.png,Salanova,train
100,RGB_100.png,Aphylion,train
101,RGB_101.png,Aphylion,train
102,RGB_102.png,Aphylion,test
103,RGB_103.png,Aphylion,valid
104,RGB_104.png,Aphylion,train
105,RGB_105.png,Aphylion,train
106,RGB_106.png,Aphylion,valid
107,RGB_107.png,Aphylion,test
108,RGB_108.png,Aphylion,train
109,RGB_109.png,Aphylion,train
110,RGB_110.png,Aphylion,test
111,RGB_111.png,Aphylion,train
112,RGB_112.png,Aphylion,train
113,RGB_113.png,Aphylion,valid
114,RGB_114.png,Aphylion,train
115,RGB_115.png,Aphylion,train
116,RGB_116.png,Satine,train
117,RGB_117.png,Satine,test
118,RGB_118.png,Satine,train
119,RGB_119.png,Satine,train
120,RGB_120.png,Satine,train
121,RGB_121.png,Satine,train
122,RGB_122.png,Satine,train
123,RGB_123.png,Satine,train
124,RGB_124.png,Satine,train
125,RGB_125.png,Satine,valid
126,RGB_126.png,Satine,train
127,RGB_127.png,Satine,valid
128,RGB_128.png,Satine,test
129,RGB_129.png,Satine,valid
130,RGB_130.png,Satine,train
131,RGB_131.png,Satine,test
132,RGB_132.png,Lugano,test
133,RGB_133.png,Lugano,train
134,RGB_134.png,Lugano,train
135,RGB_135.png,Lugano,train
136,RGB_136.png,Lugano,train
137,RGB_137.png,Lugano,train
138,RGB_138.png,Lugano,train
139,RGB_139.png,Lugano,test
140,RGB_140.png,Lugano,train
141,RGB_141.png,Lugano,train
142,RGB_142.png,Lugano,train
143,RGB_143.png,Lugano,train
144,RGB_144.png,Lugano,train
145,RGB_145.png,Lugano,valid
146,RGB_146.png,Lugano,train
147,RGB_147.png,Lugano,train
148,RGB_148.png,Salanova,train
149,RGB_149.png,Salanova,train
150,RGB_150.png,Salanova,train
151,RGB_151.png,Salanova,train
152,RGB_152.png,Salanova,train
153,RGB_153.png,Salanova,train
154,RGB_154.png,Salanova,test
155,RGB_155.png,Salanova,train
156,RGB_156.png,Salanova,train
157,RGB_157.png,Salanova,train
158,RGB_158.png,Salanova,valid
159,RGB_159.png,Salanova,train
160,RGB_160.png,Salanova,train
161,RGB_161.png,Salanova,train
162,RGB_162.png,Salanova,test
163,RGB_163.png,Salanova,train
164,RGB_164.png,Aphylion,train
165,RGB_165.png,Aphylion,train
166,RGB_166.png,Aphylion,train
167,RGB_167.png,Aphylion,train
168,RGB_168.png,Aphylion,test
169,RGB_169.png,Aphylion,train
170,RGB_170.png,Aphylion,train
171,RGB_171.png,Aphylion,test
172,RGB_172.png,Aphylion,train
173,RGB_173.png,Aphylion,train
174,RGB_174.png,Aphylion,train
175,RGB_175.png,Aphylion,train
176,RGB_176.png,Aphylion,train
177,RGB_177.png,Aphylion,train
178,RGB_178.png,Aphylion,train
179,RGB_179.png,Aphylion,train
180,RGB_180.png,Satine,train
181,RGB_181.png,Satine,train
182,RGB_182.png,Satine,train
183,RGB_183.png,Satine,test
184,RGB_184.png,Satine,train
185,RGB_185.png,Satine,train
186,RGB_186.png,Satine,train
187,RGB_187.png,Satine,train
188,RGB_188.png,Satine,train
189,RGB_189.png,Satine,train
190,RGB_190.png,Satine,train
191,RGB_191.png,Satine,train
192,RGB_192.png,Satine,train
193,RGB_193.png,Satine,train
194,RGB_194.png,Satine,train
195,RGB_195.png,Lugano,train
196,RGB_196.png,Lugano,test
197,RGB_197.png,Lugano,valid
198,RGB_198.png,Lugano,train
199,RGB_199.png,Lugano,train
200,RGB_200.png,Lugano,valid
201,RGB_201.png,Lugano,train
202,RGB_202.png,Lugano,train
203,RGB_203.png,Lugano,train
204,RGB_204.png,Lugano,test
205,RGB_205.png,Lugano,train
206,RGB_206.png,Lugano,train
207,RGB_207.png,Salanova,train
208,RGB_208.png,Salanova,train
209,RGB_209.png,Salanova,test
210,RGB_210.png,Salanova,train
211,RGB_211.png,Salanova,train
212,RGB_212.png,Salanova,train
213,RGB_213.png,Salanova,train
214,RGB_214.png,Salanova,test
215,RGB_215.png,Salanova,test
216,RGB_216.png,Salanova,train
217,RGB_217.png,Salanova,train
218,RGB_218.png,Salanova,train
219,RGB_219.png,Aphylion,train
220,RGB_220.png,Aphylion,train
221,RGB_221.png,Aphylion,valid
222,RGB_222.png,Aphylion,train
223,RGB_223.png,Aphylion,train
224,RGB_224.png,Aphylion,train
225,RGB_225.png,Aphylion,train
226,RGB_226.png,Aphylion,train
227,RGB_227.png,Aphylion,train
228,RGB_228.png,Aphylion,train
229,RGB_229.png,Satine,train
230,RGB_230.png,Satine,train
231,RGB_231.png,Satine,train
232,RGB_232.png,Satine,train
233,RGB_233.png,Satine,train
234,RGB_234.png,Satine,train
235,RGB_235.png,Satine,valid
236,RGB_236.png,Satine,test
237,RGB_237.png,Satine,train
238,RGB_238.png,Satine,train
239,RGB_239.png,Satine,valid
240,RGB_240.png,Satine,train
241,RGB_241.png,Lugano,train
242,RGB_242.png,Lugano,train
243,RGB_243.png,Lugano,test
244,RGB_244.png,Lugano,train
245,RGB_245.png,Lugano,valid
246,RGB_246.png,Lugano,train
247,RGB_247.png,Lugano,train
248,RGB_248.png,Lugano,valid
249,RGB_249.png,Lugano,train
250,RGB_250.png,Salanova,train
251,RGB_251.png,Salanova,train
252,RGB_252.png,Salanova,train
253,RGB_253.png,Salanova,train
254,RGB_254.png,Salanova,train
255,RGB_255.png,Salanova,test
256,RGB_256.png,Salanova,train
257,RGB_257.png,Salanova,train
258,RGB_258.png,Salanova,test
259,RGB_259.png,Salanova,valid
260,RGB_260.png,Salanova,train
261,RGB_261.png,Aphylion,train
262,RGB_262.png,Aphylion,train
263,RGB_263.png,Aphylion,valid
264,RGB_264.png,Aphylion,test
265,RGB_265.png,Aphylion,train
266,RGB_266.png,Aphylion,valid
267,RGB_267.png,Aphylion,valid
268,RGB_268.png,Aphylion,train
269,RGB_269.png,Aphylion,valid
270,RGB_270.png,Aphylion,train
271,RGB_271.png,Aphylion,test
272,RGB_272.png,Aphylion,train
273,RGB_273.png,Satine,train
274,RGB_274.png,Satine,train
275,RGB_275.png,Satine,train
276,RGB_276.png,Satine,train
278,RGB_278.png,Satine,train
279,RGB_279.png,Satine,valid
280,RGB_280.png,Satine,train
281,RGB_281.png,Satine,train
282,RGB_282.png,Satine,train
283,RGB_283.png,Satine,train
284,RGB_284.png,Satine,test
285,RGB_285.png,Lugano,train
286,RGB_286.png,Lugano,test
287,RGB_287.png,Lugano,test
288,RGB_288.png,Lugano,train
289,RGB_289.png,Lugano,valid
290,RGB_290.png,Lugano,train
291,RGB_291.png,Lugano,train
292,RGB_292.png,Lugano,train
293,RGB_293.png,Lugano,valid
294,RGB_294.png,Lugano,train
295,RGB_295.png,Lugano,train
296,RGB_296.png,Lugano,train
297,RGB_297.png,Lugano,test
298,RGB_298.png,Lugano,test
299,RGB_299.png,Lugano,valid
300,RGB_300.png,Lugano,train
301,RGB_301.png,Lugano,train
302,RGB_302.png,Lugano,train
303,RGB_303.png,Lugano,train
304,RGB_304.png,Lugano,valid
305,RGB_305.png,Lugano,valid
306,RGB_306.png,Lugano,test
307,RGB_307.png,Lugano,train
308,RGB_308.png,Lugano,train
310,RGB_310.png,Lugano,train
311,RGB_311.png,Lugano,test
312,RGB_312.png,Salanova,train
313,RGB_313.png,Salanova,train
314,RGB_314.png,Salanova,train
315,RGB_315.png,Salanova,valid
316,RGB_316.png,Salanova,train
317,RGB_317.png,Salanova,train
318,RGB_318.png,Salanova,valid
319,RGB_319.png,Salanova,train
320,RGB_320.png,Salanova,valid
321,RGB_321.png,Salanova,train
323,RGB_323.png,Salanova,train
324,RGB_324.png,Salanova,test
325,RGB_325.png,Salanova,valid
326,RGB_326.png,Salanova,test
327,RGB_327.png,Salanova,train
328,RGB_328.png,Salanova,train
329,RGB_329.png,Salanova,test
330,RGB_330.png,Salanova,train
331,RGB_331.png,Salanova,train
332,RGB_332.png,Salanova,test
333,RGB_333.png,Salanova,train
334,RGB_334.png,Salanova,test
335,RGB_335.png,Salanova,train
336,RGB_336.png,Salanova,valid
337,RGB_337.png,Salanova,test
338,RGB_338.png,Salanova,train
339,RGB_339.png,Salanova,train
340,RGB_340.png,Salanova,train
341,RGB_341.png,Salanova,train
342,RGB_342.png,Salanova,train
343,RGB_343.png,Aphylion,test
344,RGB_344.png,Aphylion,train
345,RGB_345.png,Aphylion,valid
346,RGB_346.png,Aphylion,test
347,RGB_347.png,Aphylion,train
348,RGB_348.png,Aphylion,train
349,RGB_349.png,Aphylion,train
350,RGB_350.png,Aphylion,valid
351,RGB_351.png,Aphylion,train
352,RGB_352.png,Aphylion,test
353,RGB_353.png,Aphylion,train
354,RGB_354.png,Aphylion,valid
355,RGB_355.png,Aphylion,test
356,RGB_356.png,Aphylion,test
357,RGB_357.png,Aphylion,train
358,RGB_358.png,Aphylion,train
359,RGB_359.png,Aphylion,train
360,RGB_360.png,Aphylion,train
361,RGB_361.png,Aphylion,test
362,RGB_362.png,Aphylion,train
363,RGB_363.png,Aphylion,train
364,RGB_364.png,Satine,train
365,RGB_365.png,Satine,valid
366,RGB_366.png,Satine,train
367,RGB_367.png,Satine,train
368,RGB_368.png,Satine,train
369,RGB_369.png,Satine,test
370,RGB_370.png,Satine,train
371,RGB_371.png,Satine,valid
372,RGB_372.png,Satine,train
373,RGB_373.png,Satine,train
374,RGB_374.png,Satine,train
375,RGB_375.png,Satine,test
376,RGB_376.png,Satine,valid
377,RGB_377.png,Satine,train
378,RGB_378.png,Satine,train
379,RGB_379.png,Satine,train
380,RGB_380.png,Satine,test
381,RGB_381.png,Satine,valid
382,RGB_382.png,Satine,valid
383,RGB_383.png,Satine,train
384,RGB_384.png,Satine,train
385,RGB_385.png,Satine,valid
386,RGB_386.png,Satine,train
387,RGB_387.png,Satine,valid
388,RGB_388.png,Satine,test
389,RGB_389.png,Satine,valid
390,RGB_390.png,Satine,train
391,RGB_391.png,Satine,train
